,ts_code,name,market,publisher,category,base_date,base_point,list_date
0,801001.SI,申万50,SW,申万研究,其他,19991230,1000.0,
1,801002.SI,申万中小板,SW,申万研究,其他,20040705,1000.0,
2,801003.SI,申万A股,SW,申万研究,其他,19991230,1000.0,
3,801004.SI,申万股改指数,SW,申万研究,其他,20050815,1000.0,
4,801005.SI,申万创业板,SW,申万研究,其他,20091105,1000.0,20091106
5,801010.SI,农林牧渔(申万),SW,申万研究,一级行业指数,19991230,1000.0,20031015
6,801011.SI,林业Ⅱ(申万),SW,申万研究,二级行业指数,19991230,1000.0,
7,801012.SI,农产品加工(申万),SW,申万研究,二级行业指数,19991230,1000.0,
8,801013.SI,农业综合Ⅱ(申万),SW,申万研究,二级行业指数,19991230,1000.0,
9,801014.SI,饲料Ⅱ(申万),SW,申万研究,二级行业指数,19991230,1000.0,
10,801015.SI,渔业(申万),SW,申万研究,二级行业指数,19991230,1000.0,
11,801016.SI,种植业(申万),SW,申万研究,二级行业指数,19991230,1000.0,
12,801017.SI,畜禽养殖Ⅱ(申万),SW,申万研究,二级行业指数,20111010,1000.0,
13,801018.SI,动物保健Ⅱ(申万),SW,申万研究,二级行业指数,19991230,1000.0,
14,801020.SI,采掘(申万),SW,申万研究,一级行业指数,19991230,1000.0,20031015
15,801021.SI,煤炭开采Ⅱ(申万),SW,申万研究,二级行业指数,19991230,1000.0,
16,801022.SI,其他采掘Ⅱ(申万),SW,申万研究,二级行业指数,19991230,1000.0,
17,801023.SI,石油开采Ⅱ(申万),SW,申万研究,二级行业指数,19991230,1000.0,
18,801024.SI,采掘服务Ⅱ(申万),SW,申万研究,二级行业指数,19991230,1000.0,
19,801030.SI,化工(申万),SW,申万研究,一级行业指数,19991230,1000.0,20031015
20,801031.SI,化工新材料Ⅱ(申万),SW,申万研究,二级行业指数,19991230,1000.0,
21,801032.SI,化学纤维(申万),SW,申万研究,二级行业指数,19991230,1000.0,
22,801033.SI,化学原料(申万),SW,申万研究,二级行业指数,19991230,1000.0,
23,801034.SI,化学制品(申万),SW,申万研究,二级行业指数,19991230,1000.0,
24,801035.SI,石油化工(申万),SW,申万研究,二级行业指数,19991230,1000.0,
25,801036.SI,塑料Ⅱ(申万),SW,申万研究,二级行业指数,19991230,1000.0,
26,801037.SI,橡胶(申万),SW,申万研究,二级行业指数,19991230,1000.0,
27,801040.SI,钢铁(申万),SW,申万研究,一级行业指数,19991230,1000.0,20031015
28,801041.SI,钢铁Ⅱ(申万),SW,申万研究,二级行业指数,19991230,1000.0,
29,801042.SI,金属制品Ⅱ(申万),SW,申万研究,其他,19991230,1000.0,
30,801050.SI,有色金属(申万),SW,申万研究,一级行业指数,19991230,1000.0,20031015
31,801051.SI,金属非金属新材料(申万),SW,申万研究,二级行业指数,19991230,1000.0,
32,801052.SI,有色金属冶炼与加工(申万),SW,申万研究,二级行业指数,19991230,1000.0,
33,801053.SI,黄金Ⅱ(申万),SW,申万研究,二级行业指数,19991230,1000.0,20140221
34,801054.SI,稀有金属(申万),SW,申万研究,二级行业指数,19991230,1000.0,20140221
35,801055.SI,工业金属(申万),SW,申万研究,二级行业指数,19991230,1000.0,20140221
36,801060.SI,建筑建材(申万),SW,申万研究,一级行业指数,19991230,1000.0,
37,801061.SI,建筑材料(申万),SW,申万研究,二级行业指数,19991230,1000.0,
38,801062.SI,建筑装饰(申万),SW,申万研究,二级行业指数,19991230,1000.0,
39,801070.SI,机械设备(申万),SW,申万研究,一级行业指数,19991230,1000.0,
40,801071.SI,电气设备(申万),SW,申万研究,二级行业指数,19991230,1000.0,
41,801072.SI,通用机械(申万),SW,申万研究,二级行业指数,19991230,1000.0,
42,801073.SI,仪器仪表Ⅱ(申万),SW,申万研究,二级行业指数,19991230,1000.0,
43,801074.SI,专用设备(申万),SW,申万研究,二级行业指数,19991230,1000.0,
44,801075.SI,金属制品Ⅱ(申万),SW,申万研究,二级行业指数,19991231,1000.0,
45,801076.SI,运输设备Ⅱ(申万),SW,申万研究,二级行业指数,19991230,1000.0,20140221
46,801080.SI,电子(申万),SW,申万研究,一级行业指数,19991230,1000.0,20031015
47,801081.SI,半导体(申万),SW,申万研究,二级行业指数,19991230,1000.0,
48,801082.SI,其他电子Ⅱ(申万),SW,申万研究,二级行业指数,19991230,1000.0,
49,801083.SI,元件Ⅱ(申万),SW,申万研究,二级行业指数,19991230,1000.0,
50,801084.SI,光学光电子(申万),SW,申万研究,二级行业指数,19991230,1000.0,
51,801085.SI,电子制造Ⅱ(申万),SW,申万研究,二级行业指数,19991230,1000.0,
52,801090.SI,交运设备(申万),SW,申万研究,一级行业指数,19991230,1000.0,
53,801091.SI,非汽车交运设备(申万),SW,申万研究,二级行业指数,19991230,1000.0,
54,801092.SI,汽车服务Ⅱ(申万),SW,申万研究,二级行业指数,19991230,1000.0,
55,801093.SI,汽车零部件Ⅱ(申万),SW,申万研究,二级行业指数,19991230,1000.0,
56,801094.SI,汽车整车(申万),SW,申万研究,二级行业指数,19991230,1000.0,
57,801100.SI,信息设备(申万),SW,申万研究,一级行业指数,19991230,1000.0,
58,801101.SI,计算机设备Ⅱ(申万),SW,申万研究,二级行业指数,19991230,1000.0,
59,801102.SI,通信设备(申万),SW,申万研究,二级行业指数,19991230,1000.0,
60,801110.SI,家用电器(申万),SW,申万研究,一级行业指数,19991230,1000.0,20031015
61,801111.SI,白色家电(申万),SW,申万研究,二级行业指数,19991230,1000.0,
62,801112.SI,视听器材(申万),SW,申万研究,二级行业指数,19991230,1000.0,
63,801120.SI,食品饮料(申万),SW,申万研究,一级行业指数,19991230,1000.0,20031015
64,801121.SI,食品加工(申万),SW,申万研究,其他,19991230,1000.0,
65,801122.SI,食品制造(申万),SW,申万研究,其他,19991230,1000.0,
66,801123.SI,饮料制造(申万),SW,申万研究,二级行业指数,19991230,1000.0,
67,801124.SI,食品加工(申万),SW,申万研究,二级行业指数,19991230,1000.0,
68,801130.SI,纺织服装(申万),SW,申万研究,一级行业指数,19991230,1000.0,20031015
69,801131.SI,纺织制造(申万),SW,申万研究,二级行业指数,19991230,1000.0,
70,801132.SI,服装家纺(申万),SW,申万研究,二级行业指数,19991230,1000.0,
71,801140.SI,轻工制造(申万),SW,申万研究,一级行业指数,19991230,1000.0,20031015
72,801141.SI,包装印刷Ⅱ(申万),SW,申万研究,二级行业指数,19991230,1000.0,
73,801142.SI,家用轻工(申万),SW,申万研究,二级行业指数,19991230,1000.0,
74,801143.SI,造纸Ⅱ(申万),SW,申万研究,二级行业指数,19991230,1000.0,
75,801150.SI,医药生物(申万),SW,申万研究,一级行业指数,19991230,1000.0,20031015
76,801151.SI,化学制药(申万),SW,申万研究,二级行业指数,19991230,1000.0,
77,801152.SI,生物制品Ⅱ(申万),SW,申万研究,二级行业指数,19991230,1000.0,
78,801153.SI,医疗器械Ⅱ(申万),SW,申万研究,二级行业指数,19991230,1000.0,
79,801154.SI,医药商业Ⅱ(申万),SW,申万研究,二级行业指数,19991230,1000.0,
80,801155.SI,中药Ⅱ(申万),SW,申万研究,二级行业指数,19991230,1000.0,
81,801156.SI,医疗服务Ⅱ(申万),SW,申万研究,二级行业指数,19991230,1000.0,
82,801160.SI,公用事业(申万),SW,申万研究,一级行业指数,19991230,1000.0,20031015
83,801161.SI,电力(申万),SW,申万研究,二级行业指数,19991230,1000.0,
84,801162.SI,环保工程及服务Ⅱ(申万),SW,申万研究,二级行业指数,19991230,1000.0,
85,801163.SI,燃气Ⅱ(申万),SW,申万研究,二级行业指数,19991230,1000.0,
86,801164.SI,水务Ⅱ(申万),SW,申万研究,二级行业指数,19991230,1000.0,
87,801170.SI,交通运输(申万),SW,申万研究,一级行业指数,19991230,1000.0,20031015
88,801171.SI,港口Ⅱ(申万),SW,申万研究,二级行业指数,19991230,1000.0,
89,801172.SI,公交Ⅱ(申万),SW,申万研究,二级行业指数,19991230,1000.0,
90,801173.SI,航空运输Ⅱ(申万),SW,申万研究,二级行业指数,19991230,1000.0,
91,801174.SI,机场Ⅱ(申万),SW,申万研究,二级行业指数,19991230,1000.0,
92,801175.SI,高速公路Ⅱ(申万),SW,申万研究,二级行业指数,19991230,1000.0,
93,801176.SI,航运Ⅱ(申万),SW,申万研究,二级行业指数,19991230,1000.0,
94,801177.SI,铁路运输Ⅱ(申万),SW,申万研究,二级行业指数,19991230,1000.0,
95,801178.SI,物流Ⅱ(申万),SW,申万研究,二级行业指数,19991230,1000.0,
96,801180.SI,房地产(申万),SW,申万研究,一级行业指数,19991230,1000.0,20031015
97,801181.SI,房地产开发Ⅱ(申万),SW,申万研究,二级行业指数,19991230,1000.0,
98,801182.SI,园区开发Ⅱ(申万),SW,申万研究,二级行业指数,19991230,1000.0,
99,801190.SI,金融服务(申万),SW,申万研究,一级行业指数,19991230,1000.0,
100,801191.SI,多元金融Ⅱ(申万),SW,申万研究,二级行业指数,19991230,1000.0,
101,801192.SI,银行Ⅱ(申万),SW,申万研究,二级行业指数,19991230,1000.0,
102,801193.SI,券商Ⅱ(申万),SW,申万研究,二级行业指数,19991230,1000.0,
103,801194.SI,保险Ⅱ(申万),SW,申万研究,二级行业指数,19991230,1000.0,
104,801200.SI,商业贸易(申万),SW,申万研究,一级行业指数,19991230,1000.0,20031015
105,801201.SI,零售(申万),SW,申万研究,二级行业指数,19991230,1000.0,
106,801202.SI,贸易Ⅱ(申万),SW,申万研究,二级行业指数,19991230,1000.0,
107,801203.SI,一般零售(申万),SW,申万研究,二级行业指数,19991230,1000.0,20140221
108,801204.SI,专业零售(申万),SW,申万研究,二级行业指数,19991230,1000.0,20140221
109,801205.SI,商业物业经营(申万),SW,申万研究,二级行业指数,19991230,1000.0,20140221
110,801210.SI,休闲服务(申万),SW,申万研究,一级行业指数,19991230,1000.0,20031015
111,801211.SI,餐饮Ⅱ(申万),SW,申万研究,二级行业指数,19991230,1000.0,
112,801212.SI,景点(申万),SW,申万研究,二级行业指数,19991230,1000.0,
113,801213.SI,酒店Ⅱ(申万),SW,申万研究,二级行业指数,19991230,1000.0,
114,801214.SI,旅游综合Ⅱ(申万),SW,申万研究,二级行业指数,19991230,1000.0,
115,801215.SI,其他休闲服务Ⅱ(申万),SW,申万研究,二级行业指数,19991230,1000.0,20140221
116,801220.SI,信息服务(申万),SW,申万研究,一级行业指数,19991230,1000.0,
117,801221.SI,传媒(申万),SW,申万研究,二级行业指数,19991230,1000.0,
118,801222.SI,计算机应用(申万),SW,申万研究,二级行业指数,19991230,1000.0,
119,801223.SI,通信运营Ⅱ(申万),SW,申万研究,二级行业指数,19991230,1000.0,
120,801224.SI,网络服务(申万),SW,申万研究,二级行业指数,19991230,1000.0,
121,801230.SI,综合(申万),SW,申万研究,一级行业指数,19991230,1000.0,20031015
122,801231.SI,综合Ⅱ(申万),SW,申万研究,二级行业指数,19991230,1000.0,
123,801250.SI,申万制造,SW,申万研究,其他,19991230,1000.0,20110822
124,801260.SI,申万消费,SW,申万研究,其他,19991230,1000.0,20110822
125,801270.SI,申万投资,SW,申万研究,其他,19991230,1000.0,20110822
126,801280.SI,申万服务,SW,申万研究,其他,19991230,1000.0,20110822
127,801300.SI,申万300,SW,申万研究,其他,19991230,1000.0,
128,801311.SI,300农林牧渔(申万),SW,申万研究,其他,19991230,1000.0,
129,801321.SI,300采掘(申万),SW,申万研究,其他,19991230,1000.0,
130,801322.SI,300化工(申万),SW,申万研究,其他,19991230,1000.0,
131,801323.SI,300黑色金属(申万),SW,申万研究,其他,19991230,1000.0,
132,801324.SI,300有色金属(申万),SW,申万研究,其他,19991230,1000.0,
133,801325.SI,300建筑建材(申万),SW,申万研究,其他,19991230,1000.0,
134,801326.SI,300机械设备(申万),SW,申万研究,其他,19991230,1000.0,
135,801327.SI,300电子(申万),SW,申万研究,其他,19991230,1000.0,
136,801331.SI,300交运设备(申万),SW,申万研究,其他,19991230,1000.0,
137,801332.SI,300信息设备(申万),SW,申万研究,其他,19991230,1000.0,
138,801333.SI,300家用电器(申万),SW,申万研究,其他,19991230,1000.0,
139,801334.SI,300食品饮料(申万),SW,申万研究,其他,19991230,1000.0,
140,801335.SI,300纺织服装(申万),SW,申万研究,其他,19991230,1000.0,
141,801336.SI,300轻工制造(申万),SW,申万研究,其他,19991230,1000.0,
142,801337.SI,300医药生物(申万),SW,申万研究,其他,19991230,1000.0,
143,801341.SI,300公用事业(申万),SW,申万研究,其他,19991230,1000.0,
144,801342.SI,300交通运输(申万),SW,申万研究,其他,19991230,1000.0,
145,801343.SI,300房地产(申万),SW,申万研究,其他,19991230,1000.0,
146,801344.SI,300金融服务(申万),SW,申万研究,其他,19991230,1000.0,
147,801345.SI,300商业贸易(申万),SW,申万研究,其他,19991230,1000.0,
148,801346.SI,300餐饮旅游(申万),SW,申万研究,其他,19991230,1000.0,
149,801347.SI,300信息服务(申万),SW,申万研究,其他,19991230,1000.0,
150,801351.SI,300综合(申万),SW,申万研究,其他,19991230,1000.0,
151,801710.SI,建筑材料(申万),SW,申万研究,一级行业指数,19991230,1000.0,20140221
152,801711.SI,水泥制造Ⅱ(申万),SW,申万研究,二级行业指数,19991230,1000.0,20140221
153,801712.SI,玻璃制造Ⅱ(申万),SW,申万研究,二级行业指数,19991230,1000.0,20140221
154,801713.SI,其他建材Ⅱ(申万),SW,申万研究,二级行业指数,19991230,1000.0,20140221
155,801720.SI,建筑装饰(申万),SW,申万研究,一级行业指数,19991230,1000.0,20140221
156,801721.SI,房屋建设Ⅱ(申万),SW,申万研究,二级行业指数,19991230,1000.0,20140221
157,801722.SI,装修装饰Ⅱ(申万),SW,申万研究,二级行业指数,19991230,1000.0,20140221
158,801723.SI,基础建设(申万),SW,申万研究,二级行业指数,19991230,1000.0,20140221
159,801724.SI,专业工程(申万),SW,申万研究,二级行业指数,19991230,1000.0,20140221
160,801725.SI,园林工程Ⅱ(申万),SW,申万研究,二级行业指数,19991230,1000.0,20140221
161,801730.SI,电气设备(申万),SW,申万研究,一级行业指数,19991230,1000.0,20140221
162,801731.SI,电机Ⅱ(申万),SW,申万研究,二级行业指数,19991230,1000.0,20140221
163,801732.SI,电气自动化设备(申万),SW,申万研究,二级行业指数,19991230,1000.0,20140221
164,801733.SI,电源设备(申万),SW,申万研究,二级行业指数,19991230,1000.0,20140221
165,801734.SI,高低压设备(申万),SW,申万研究,二级行业指数,19991230,1000.0,20140221
166,801740.SI,国防军工(申万),SW,申万研究,一级行业指数,19991230,1000.0,20140221
167,801741.SI,航天装备Ⅱ(申万),SW,申万研究,二级行业指数,19991230,1000.0,20140221
168,801742.SI,航空装备Ⅱ(申万),SW,申万研究,二级行业指数,19991230,1000.0,20140221
169,801743.SI,地面兵装Ⅱ(申万),SW,申万研究,二级行业指数,19991230,1000.0,20140221
170,801744.SI,船舶制造Ⅱ(申万),SW,申万研究,二级行业指数,19991230,1000.0,20140221
171,801750.SI,计算机(申万),SW,申万研究,一级行业指数,19991230,1000.0,20140221
172,801751.SI,营销传播(申万),SW,申万研究,二级行业指数,19991230,1000.0,20140221
173,801752.SI,互联网传媒(申万),SW,申万研究,二级行业指数,19991230,1000.0,20140221
174,801760.SI,传媒(申万),SW,申万研究,一级行业指数,19991230,1000.0,20140221
175,801761.SI,文化传媒(申万),SW,申万研究,二级行业指数,19991230,1000.0,20140221
176,801770.SI,通信(申万),SW,申万研究,一级行业指数,19991230,1000.0,20140221
177,801780.SI,银行(申万),SW,申万研究,一级行业指数,19991230,1000.0,20140221
178,801790.SI,非银金融(申万),SW,申万研究,一级行业指数,19991230,1000.0,20140221
179,801811.SI,大盘指数(申万),SW,申万研究,其他,19991230,1000.0,
180,801812.SI,中盘指数(申万),SW,申万研究,其他,19991230,1000.0,
181,801813.SI,小盘指数(申万),SW,申万研究,其他,19991230,1000.0,
182,801821.SI,高市盈率指数(申万),SW,申万研究,其他,19991230,1000.0,
183,801822.SI,中市盈率指数(申万),SW,申万研究,其他,19991230,1000.0,
184,801823.SI,低市盈率指数(申万),SW,申万研究,其他,19991230,1000.0,
185,801831.SI,高市净率指数(申万),SW,申万研究,其他,19991230,1000.0,
186,801832.SI,中市净率指数(申万),SW,申万研究,其他,19991230,1000.0,
187,801833.SI,低市净率指数(申万),SW,申万研究,其他,19991230,1000.0,
188,801841.SI,高价股指数(申万),SW,申万研究,其他,19991230,1000.0,
189,801842.SI,中价股指数(申万),SW,申万研究,其他,19991230,1000.0,
190,801843.SI,低价股指数(申万),SW,申万研究,其他,19991230,1000.0,
191,801851.SI,亏损股指数(申万),SW,申万研究,其他,19991230,1000.0,
192,801852.SI,微利股指数(申万),SW,申万研究,其他,19991230,1000.0,
193,801853.SI,绩优股指数(申万),SW,申万研究,其他,19991230,1000.0,
194,801861.SI,配股指数(申万),SW,申万研究,其他,19991230,1000.0,
195,801862.SI,活跃指数(申万),SW,申万研究,其他,19991230,1000.0,
196,801863.SI,新股指数(申万),SW,申万研究,其他,19991230,1000.0,
197,801880.SI,汽车(申万),SW,申万研究,一级行业指数,19991230,1000.0,20140221
198,801881.SI,其他交运设备Ⅱ(申万),SW,申万研究,二级行业指数,19991230,1000.0,20140221
199,801890.SI,机械设备(申万),SW,申万研究,一级行业指数,19991230,1000.0,20140221
200,801901.SI,申万基金重仓,SW,申万研究,其他,20021231,1000.0,
201,801903.SI,申万基金核心,SW,申万研究,其他,20021231,1000.0,
202,801905.SI,申万重点,SW,申万研究,其他,20020430,1000.0,
203,802600.SI,装备制造,SW,申万研究,其他,20041231,1000.0,
204,802613.SI,平安银行养老新兴投资指数,SW,申万研究,价值指数,20161230,1000.0,20170103
205,803611.SI,价值优势(申万),SW,申万研究,其他,20041231,1000.0,20100331
206,803612.SI,价值发现(申万),SW,申万研究,其他,20041231,1000.0,20100816
207,803613.SI,价值稳健(申万),SW,申万研究,其他,20041231,1000.0,20100816
208,805001.SI,SWS商品,SW,申万研究,其他,20041231,1000.0,20120702
209,805002.SI,SWS商品S,SW,申万研究,其他,20041231,1000.0,20120702
210,805003.SI,SWS农业,SW,申万研究,其他,20041231,1000.0,20121126
211,805004.SI,SWS农业S,SW,申万研究,其他,20041231,1000.0,20121126
212,805005.SI,SWS工业,SW,申万研究,其他,20041231,1000.0,20121126
213,805006.SI,SWS工业S,SW,申万研究,其他,20041231,1000.0,20121126
214,805007.SI,SWS贵金,SW,申万研究,其他,20081231,1000.0,20121126
215,805008.SI,SWS贵金S,SW,申万研究,其他,20081231,1000.0,20121126
216,806001.SI,申万三板做市,SW,申万研究,其他,20140829,1000.0,20150331
217,806010.SI,申万新三板计算机,SW,申万研究,其他,20141231,1000.0,20151224
218,806020.SI,申万新三板机械,SW,申万研究,其他,20141231,1000.0,20151224
219,806030.SI,申万新三板化工,SW,申万研究,其他,20141231,1000.0,20151224
220,806040.SI,申万新三板传媒,SW,申万研究,其他,20141231,1000.0,20141231
221,806050.SI,申万新三板电气设备,SW,申万研究,其他,20141231,1000.0,20141231
222,806060.SI,申万新三板电子,SW,申万研究,其他,20141231,1000.0,20141231
223,806070.SI,申万新三板建筑装饰,SW,申万研究,其他,20141231,1000.0,20141231
224,806080.SI,申万新三板医药生物,SW,申万研究,其他,20141231,1000.0,20141231
225,806090.SI,申万新三板通信,SW,申万研究,其他,20150630,1000.0,20161027
226,806100.SI,申万新三板农林牧渔,SW,申万研究,其他,20150630,1000.0,20161027
227,806110.SI,申万新三板公用事业,SW,申万研究,其他,20150630,1000.0,20161027
228,806120.SI,申万新三板休闲服务,SW,申万研究,其他,20150630,1000.0,20161027
229,806130.SI,申万新三板有色金属,SW,申万研究,其他,20150630,1000.0,20161027
230,806140.SI,申万新三板汽车,SW,申万研究,其他,20150630,1000.0,20161027
231,806150.SI,申万新三板轻工制造,SW,申万研究,其他,20150630,1000.0,20161027
232,806160.SI,申万新三板建筑材料,SW,申万研究,其他,20150630,1000.0,20161027
233,806170.SI,申万新三板非银金融,SW,申万研究,其他,20150630,1000.0,20161027
234,806180.SI,申万新三板食品饮料,SW,申万研究,其他,20150630,1000.0,20161027
235,806190.SI,申万新三板商业贸易,SW,申万研究,其他,20150630,1000.0,20161027
236,806200.SI,申万新三板交通运输,SW,申万研究,其他,20150630,1000.0,20161027
237,850111.SI,种子生产(申万),SW,申万研究,三级行业指数,19991230,1000.0,
238,850112.SI,粮食种植(申万),SW,申万研究,三级行业指数,19991230,1000.0,
239,850113.SI,其他种植业(申万),SW,申万研究,三级行业指数,19991230,1000.0,
240,850121.SI,海洋捕捞(申万),SW,申万研究,三级行业指数,19991230,1000.0,
241,850122.SI,水产养殖(申万),SW,申万研究,三级行业指数,19991230,1000.0,
242,850131.SI,林业Ⅲ(申万),SW,申万研究,三级行业指数,19991230,1000.0,
243,850141.SI,饲料Ⅲ(申万),SW,申万研究,三级行业指数,19991230,1000.0,
244,850151.SI,果蔬加工(申万),SW,申万研究,三级行业指数,19991230,1000.0,
245,850152.SI,粮油加工(申万),SW,申万研究,三级行业指数,19991230,1000.0,
246,850153.SI,畜禽加工(申万),SW,申万研究,其他,19991230,1000.0,
247,850154.SI,其他农产品加工(申万),SW,申万研究,三级行业指数,19991230,1000.0,
248,850161.SI,农业综合Ⅲ(申万),SW,申万研究,三级行业指数,19991230,1000.0,
249,850171.SI,畜禽养殖Ⅲ(申万),SW,申万研究,三级行业指数,20111010,1000.0,
250,850181.SI,动物保健Ⅲ(申万),SW,申万研究,三级行业指数,19991230,1000.0,
251,850211.SI,石油开采Ⅲ(申万),SW,申万研究,三级行业指数,19991230,1000.0,
252,850221.SI,煤炭开采Ⅲ(申万),SW,申万研究,三级行业指数,19991230,1000.0,
253,850222.SI,焦炭加工(申万),SW,申万研究,三级行业指数,19991230,1000.0,
254,850231.SI,其他采掘Ⅲ(申万),SW,申万研究,三级行业指数,19991230,1000.0,
255,850241.SI,油气钻采服务(申万),SW,申万研究,三级行业指数,19991230,1000.0,
256,850242.SI,其他采掘服务(申万),SW,申万研究,三级行业指数,19991230,1000.0,
257,850311.SI,石油加工(申万),SW,申万研究,三级行业指数,19991230,1000.0,
258,850312.SI,炼焦业(申万),SW,申万研究,其他,19991230,1000.0,
259,850313.SI,石油贸易(申万),SW,申万研究,三级行业指数,19991230,1000.0,
260,850321.SI,纯碱(申万),SW,申万研究,三级行业指数,19991230,1000.0,
261,850322.SI,氯碱(申万),SW,申万研究,三级行业指数,19991230,1000.0,
262,850323.SI,无机盐(申万),SW,申万研究,三级行业指数,19991230,1000.0,
263,850324.SI,其他化学原料(申万),SW,申万研究,三级行业指数,19991230,1000.0,
264,850331.SI,氮肥(申万),SW,申万研究,三级行业指数,19991230,1000.0,
265,850332.SI,磷肥(申万),SW,申万研究,三级行业指数,19991230,1000.0,
266,850333.SI,农药(申万),SW,申万研究,三级行业指数,19991230,1000.0,
267,850334.SI,日用化学产品(申万),SW,申万研究,三级行业指数,19991230,1000.0,
268,850335.SI,涂料油漆油墨制造(申万),SW,申万研究,三级行业指数,19991230,1000.0,
269,850336.SI,钾肥(申万),SW,申万研究,三级行业指数,19991230,1000.0,
270,850337.SI,民爆用品(申万),SW,申万研究,三级行业指数,20080602,1000.0,
271,850338.SI,纺织化学用品(申万),SW,申万研究,三级行业指数,20080602,1000.0,
272,850339.SI,其他化学制品(申万),SW,申万研究,三级行业指数,20080602,1000.0,
273,850341.SI,涤纶(申万),SW,申万研究,三级行业指数,19991230,1000.0,
274,850342.SI,维纶(申万),SW,申万研究,三级行业指数,19991230,1000.0,
275,850343.SI,粘胶(申万),SW,申万研究,三级行业指数,19991230,1000.0,
276,850344.SI,其他纤维(申万),SW,申万研究,三级行业指数,19991230,1000.0,
277,850345.SI,氨纶(申万),SW,申万研究,三级行业指数,20080605,1000.0,
278,850351.SI,其他塑料制品(申万),SW,申万研究,三级行业指数,19991230,1000.0,
279,850352.SI,合成革(申万),SW,申万研究,三级行业指数,19991230,1000.0,
280,850353.SI,改性塑料(申万),SW,申万研究,三级行业指数,19991230,1000.0,
281,850361.SI,轮胎(申万),SW,申万研究,三级行业指数,19991230,1000.0,
282,850362.SI,其他橡胶制品(申万),SW,申万研究,三级行业指数,20080602,1000.0,
283,850363.SI,炭黑(申万),SW,申万研究,三级行业指数,19991230,1000.0,
284,850371.SI,其他化工新材料(申万),SW,申万研究,三级行业指数,19991230,1000.0,
285,850372.SI,聚氨酯(申万),SW,申万研究,三级行业指数,19991230,1000.0,
286,850373.SI,玻纤(申万),SW,申万研究,三级行业指数,19991230,1000.0,
287,850381.SI,复合肥(申万),SW,申万研究,三级行业指数,19991230,1000.0,
288,850382.SI,氟化工及制冷剂(申万),SW,申万研究,三级行业指数,19991230,1000.0,
289,850383.SI,磷化工及磷酸盐(申万),SW,申万研究,三级行业指数,19991230,1000.0,
290,850411.SI,普钢(申万),SW,申万研究,三级行业指数,19991230,1000.0,
291,850412.SI,特钢(申万),SW,申万研究,三级行业指数,19991230,1000.0,
292,850421.SI,金属制品Ⅲ(申万),SW,申万研究,其他,19991230,1000.0,
293,850511.SI,有色金属冶炼Ⅲ(申万),SW,申万研究,其他,19991230,1000.0,
294,850512.SI,铝(申万),SW,申万研究,三级行业指数,19991230,1000.0,
295,850513.SI,铜(申万),SW,申万研究,三级行业指数,19991230,1000.0,
296,850514.SI,铅锌(申万),SW,申万研究,三级行业指数,19991230,1000.0,
297,850515.SI,黄金(申万),SW,申万研究,三级行业指数,19991230,1000.0,
298,850516.SI,小金属(申万),SW,申万研究,三级行业指数,19991230,1000.0,
299,850521.SI,金属新材料Ⅲ(申万),SW,申万研究,三级行业指数,19991230,1000.0,
300,850522.SI,磁性材料(申万),SW,申万研究,三级行业指数,20080602,1000.0,
301,850523.SI,非金属新材料(申万),SW,申万研究,三级行业指数,19991230,,20140221
302,850531.SI,黄金Ⅲ(申万),SW,申万研究,三级行业指数,19991230,1000.0,20140221
303,850541.SI,稀土(申万),SW,申万研究,三级行业指数,19991230,1000.0,20140221
304,850542.SI,钨(申万),SW,申万研究,三级行业指数,19991230,1000.0,20140221
305,850543.SI,锂(申万),SW,申万研究,三级行业指数,19991230,1000.0,20140221
306,850544.SI,其他稀有小金属(申万),SW,申万研究,三级行业指数,19991230,1000.0,20140221
307,850551.SI,铝(申万),SW,申万研究,三级行业指数,19991230,1000.0,20140221
308,850552.SI,铜(申万),SW,申万研究,三级行业指数,19991230,1000.0,20140221
309,850553.SI,铅锌(申万),SW,申万研究,三级行业指数,19991230,1000.0,20140221
310,850611.SI,玻璃制造Ⅲ(申万),SW,申万研究,三级行业指数,19991230,1000.0,
311,850612.SI,水泥制造Ⅲ(申万),SW,申万研究,三级行业指数,19991230,1000.0,
312,850613.SI,陶瓷制造(申万),SW,申万研究,三级行业指数,19991230,1000.0,
313,850614.SI,其他建材Ⅲ(申万),SW,申万研究,三级行业指数,19991230,1000.0,
314,850615.SI,耐火材料(申万),SW,申万研究,三级行业指数,19991230,1000.0,
315,850616.SI,管材(申万),SW,申万研究,三级行业指数,19991230,1000.0,
316,850621.SI,建筑施工(申万),SW,申万研究,其他,19991230,1000.0,
317,850622.SI,装饰园林(申万),SW,申万研究,三级行业指数,19991230,1000.0,
318,850623.SI,房屋建设Ⅲ(申万),SW,申万研究,三级行业指数,19991230,1000.0,
319,850624.SI,基础建设(申万),SW,申万研究,三级行业指数,19991230,1000.0,
320,850625.SI,专业工程(申万),SW,申万研究,三级行业指数,19991230,1000.0,
321,850711.SI,机床工具(申万),SW,申万研究,三级行业指数,19991230,1000.0,
322,850712.SI,机械基础件(申万),SW,申万研究,三级行业指数,19991230,1000.0,
323,850713.SI,磨具磨料(申万),SW,申万研究,三级行业指数,19991230,1000.0,
324,850714.SI,内燃机(申万),SW,申万研究,三级行业指数,19991230,1000.0,
325,850715.SI,制冷空调设备(申万),SW,申万研究,三级行业指数,19991230,1000.0,
326,850716.SI,其它通用机械(申万),SW,申万研究,三级行业指数,19991230,1000.0,
327,850721.SI,纺织服装设备(申万),SW,申万研究,三级行业指数,19991230,1000.0,
328,850722.SI,工程机械(申万),SW,申万研究,三级行业指数,19991230,1000.0,
329,850723.SI,农用机械(申万),SW,申万研究,三级行业指数,19991230,1000.0,
330,850724.SI,重型机械(申万),SW,申万研究,三级行业指数,19991230,1000.0,
331,850725.SI,冶金矿采化工设备(申万),SW,申万研究,三级行业指数,19991230,1000.0,
332,850726.SI,印刷包装机械(申万),SW,申万研究,三级行业指数,19991230,1000.0,
333,850727.SI,其它专用机械(申万),SW,申万研究,三级行业指数,19991230,1000.0,
334,850728.SI,楼宇设备(申万),SW,申万研究,三级行业指数,19991230,1000.0,
335,850729.SI,环保设备(申万),SW,申万研究,三级行业指数,19991230,1000.0,
336,850731.SI,仪器仪表Ⅲ(申万),SW,申万研究,三级行业指数,19991230,1000.0,
337,850741.SI,电机Ⅲ(申万),SW,申万研究,三级行业指数,19991230,1000.0,
338,850742.SI,电气自控设备(申万),SW,申万研究,三级行业指数,19991230,1000.0,
339,850743.SI,电源设备(申万),SW,申万研究,三级行业指数,19991230,1000.0,
340,850744.SI,输变电设备(申万),SW,申万研究,三级行业指数,19991230,1000.0,
341,850745.SI,其他电力设备(申万),SW,申万研究,三级行业指数,19991230,1000.0,
342,850751.SI,金属制品Ⅲ(申万),SW,申万研究,三级行业指数,20080602,1000.0,
343,850811.SI,集成电路(申万),SW,申万研究,三级行业指数,19991230,1000.0,
344,850812.SI,分立器件(申万),SW,申万研究,三级行业指数,19991230,1000.0,
345,850813.SI,半导体材料(申万),SW,申万研究,三级行业指数,19991230,1000.0,
346,850821.SI,元件Ⅲ(申万),SW,申万研究,其他,19991230,1000.0,
347,850822.SI,印制电路板(申万),SW,申万研究,三级行业指数,19991230,1000.0,
348,850823.SI,被动元件(申万),SW,申万研究,三级行业指数,19991230,1000.0,
349,850831.SI,显示器件Ⅲ(申万),SW,申万研究,三级行业指数,19991230,1000.0,
350,850832.SI,LED(申万),SW,申万研究,三级行业指数,19991230,1000.0,
351,850833.SI,光学元件(申万),SW,申万研究,三级行业指数,19991230,1000.0,
352,850841.SI,其他电子Ⅲ(申万),SW,申万研究,三级行业指数,19991230,1000.0,
353,850851.SI,电子系统组装(申万),SW,申万研究,三级行业指数,19991230,1000.0,
354,850852.SI,电子零部件制造(申万),SW,申万研究,三级行业指数,19991230,1000.0,
355,850911.SI,乘用车(申万),SW,申万研究,三级行业指数,19991230,1000.0,
356,850912.SI,商用载货车(申万),SW,申万研究,三级行业指数,19991230,1000.0,
357,850913.SI,商用载客车(申万),SW,申万研究,三级行业指数,19991230,1000.0,
358,850914.SI,专用汽车(申万),SW,申万研究,三级行业指数,19991230,1000.0,
359,850921.SI,汽车零部件Ⅲ(申万),SW,申万研究,三级行业指数,19991230,1000.0,
360,850931.SI,摩托车(申万),SW,申万研究,三级行业指数,19991230,1000.0,
361,850932.SI,农机设备(申万),SW,申万研究,其他,19991230,1000.0,
362,850933.SI,其他交运设备(申万),SW,申万研究,其他,19991230,1000.0,
363,850934.SI,航空航天设备(申万),SW,申万研究,三级行业指数,19991230,1000.0,
364,850935.SI,船舶制造(申万),SW,申万研究,三级行业指数,19991230,1000.0,
365,850936.SI,铁路设备(申万),SW,申万研究,三级行业指数,19991230,1000.0,
366,850937.SI,其他交运设备Ⅲ(申万),SW,申万研究,三级行业指数,19991230,1000.0,
367,850941.SI,汽车服务Ⅲ(申万),SW,申万研究,三级行业指数,19991230,1000.0,
368,850942.SI,其他交运设备服务(申万),SW,申万研究,三级行业指数,19991230,1000.0,
369,851011.SI,交换设备(申万),SW,申万研究,其他,19991230,1000.0,
370,851012.SI,终端设备(申万),SW,申万研究,三级行业指数,19991230,1000.0,
371,851013.SI,通信传输设备(申万),SW,申万研究,三级行业指数,19991230,1000.0,
372,851014.SI,通信配套服务(申万),SW,申万研究,三级行业指数,20080605,1000.0,
373,851021.SI,计算机设备Ⅲ(申万),SW,申万研究,三级行业指数,19991230,1000.0,
374,851111.SI,冰箱(申万),SW,申万研究,三级行业指数,19991230,1000.0,
375,851112.SI,空调(申万),SW,申万研究,三级行业指数,19991230,1000.0,
376,851113.SI,洗衣机(申万),SW,申万研究,三级行业指数,19991230,1000.0,
377,851114.SI,小家电(申万),SW,申万研究,三级行业指数,19991230,1000.0,
378,851115.SI,家电零部件(申万),SW,申万研究,三级行业指数,19991230,1000.0,
379,851121.SI,彩电(申万),SW,申万研究,三级行业指数,19991230,1000.0,
380,851122.SI,其它视听器材(申万),SW,申万研究,三级行业指数,19991230,1000.0,
381,851211.SI,肉制品(申万),SW,申万研究,其他,19991230,1000.0,
382,851212.SI,制糖(申万),SW,申万研究,其他,19991230,1000.0,
383,851213.SI,食品综合(申万),SW,申万研究,其他,19991230,1000.0,
384,851221.SI,调味发酵品(申万),SW,申万研究,其他,19991230,1000.0,
385,851222.SI,乳品(申万),SW,申万研究,其他,19991230,1000.0,
386,851231.SI,白酒(申万),SW,申万研究,三级行业指数,19991230,1000.0,
387,851232.SI,啤酒(申万),SW,申万研究,三级行业指数,19991230,1000.0,
388,851233.SI,其他酒类(申万),SW,申万研究,三级行业指数,19991230,1000.0,
389,851234.SI,软饮料(申万),SW,申万研究,三级行业指数,19991230,1000.0,
390,851235.SI,葡萄酒(申万),SW,申万研究,三级行业指数,19991230,1000.0,
391,851236.SI,黄酒(申万),SW,申万研究,三级行业指数,19991230,,20140221
392,851241.SI,肉制品(申万),SW,申万研究,三级行业指数,19991230,1000.0,
393,851242.SI,调味发酵品(申万),SW,申万研究,三级行业指数,19991230,1000.0,
394,851243.SI,乳品(申万),SW,申万研究,三级行业指数,19991230,1000.0,
395,851244.SI,食品综合(申万),SW,申万研究,三级行业指数,19991230,1000.0,
396,851311.SI,毛纺(申万),SW,申万研究,三级行业指数,19991230,1000.0,
397,851312.SI,棉纺(申万),SW,申万研究,三级行业指数,19991230,1000.0,
398,851313.SI,丝绸(申万),SW,申万研究,三级行业指数,19991230,1000.0,
399,851314.SI,印染(申万),SW,申万研究,三级行业指数,19991230,1000.0,
400,851315.SI,辅料(申万),SW,申万研究,三级行业指数,19991230,1000.0,
401,851316.SI,其他纺织(申万),SW,申万研究,三级行业指数,19991230,1000.0,
402,851321.SI,服装Ⅲ(申万),SW,申万研究,其他,19991230,1000.0,
403,851322.SI,男装(申万),SW,申万研究,三级行业指数,19991230,1000.0,
404,851323.SI,女装(申万),SW,申万研究,三级行业指数,19991230,1000.0,
405,851324.SI,休闲服装(申万),SW,申万研究,三级行业指数,19991230,1000.0,
406,851325.SI,鞋帽(申万),SW,申万研究,三级行业指数,19991230,1000.0,
407,851326.SI,家纺(申万),SW,申万研究,三级行业指数,19991230,1000.0,
408,851327.SI,其他服装(申万),SW,申万研究,三级行业指数,19991230,1000.0,
409,851411.SI,造纸Ⅲ(申万),SW,申万研究,三级行业指数,19991230,1000.0,
410,851421.SI,包装印刷Ⅲ(申万),SW,申万研究,三级行业指数,19991230,1000.0,
411,851431.SI,其他轻工制造Ⅲ(申万),SW,申万研究,三级行业指数,19991230,1000.0,
412,851432.SI,家具(申万),SW,申万研究,三级行业指数,19991230,1000.0,
413,851433.SI,其他家用轻工(申万),SW,申万研究,三级行业指数,19991230,1000.0,
414,851434.SI,珠宝首饰(申万),SW,申万研究,三级行业指数,19991230,1000.0,
415,851435.SI,文娱用品(申万),SW,申万研究,三级行业指数,19991230,1000.0,
416,851441.SI,其他轻工制造Ⅲ(申万),SW,申万研究,三级行业指数,19991230,1000.0,
417,851511.SI,化学原料药(申万),SW,申万研究,三级行业指数,19991230,1000.0,
418,851512.SI,化学制剂(申万),SW,申万研究,三级行业指数,19991230,1000.0,
419,851513.SI,化学药(申万),SW,申万研究,其他,19991230,1000.0,
420,851521.SI,中药Ⅲ(申万),SW,申万研究,三级行业指数,19991230,1000.0,
421,851531.SI,生物制品Ⅲ(申万),SW,申万研究,三级行业指数,19991230,1000.0,
422,851541.SI,医药商业Ⅲ(申万),SW,申万研究,三级行业指数,19991230,1000.0,
423,851551.SI,医疗器械Ⅲ(申万),SW,申万研究,三级行业指数,19991230,1000.0,
424,851561.SI,医疗服务Ⅲ(申万),SW,申万研究,三级行业指数,19991230,1000.0,
425,851611.SI,火电(申万),SW,申万研究,三级行业指数,19991230,1000.0,
426,851612.SI,水电(申万),SW,申万研究,三级行业指数,19991230,1000.0,
427,851613.SI,燃机发电(申万),SW,申万研究,三级行业指数,19991230,1000.0,
428,851614.SI,热电(申万),SW,申万研究,三级行业指数,19991230,1000.0,
429,851615.SI,新能源发电(申万),SW,申万研究,三级行业指数,19991230,1000.0,20140221
430,851621.SI,水务Ⅲ(申万),SW,申万研究,三级行业指数,19991230,1000.0,
431,851631.SI,燃气Ⅲ(申万),SW,申万研究,三级行业指数,19991230,1000.0,
432,851641.SI,环保工程及服务Ⅲ(申万),SW,申万研究,三级行业指数,19991230,1000.0,
433,851711.SI,港口Ⅲ(申万),SW,申万研究,三级行业指数,19991230,1000.0,
434,851721.SI,公交Ⅲ(申万),SW,申万研究,三级行业指数,19991230,1000.0,
435,851731.SI,高速公路Ⅲ(申万),SW,申万研究,三级行业指数,19991230,1000.0,
436,851741.SI,航空运输Ⅲ(申万),SW,申万研究,三级行业指数,19991230,1000.0,
437,851751.SI,机场Ⅲ(申万),SW,申万研究,三级行业指数,19991230,1000.0,
438,851761.SI,航运Ⅲ(申万),SW,申万研究,三级行业指数,19991230,1000.0,
439,851771.SI,铁路运输Ⅲ(申万),SW,申万研究,三级行业指数,19991230,1000.0,
440,851781.SI,物流Ⅲ(申万),SW,申万研究,三级行业指数,19991230,1000.0,
441,851811.SI,房地产开发Ⅲ(申万),SW,申万研究,三级行业指数,19991230,1000.0,
442,851821.SI,园区开发Ⅲ(申万),SW,申万研究,三级行业指数,19991230,1000.0,
443,851911.SI,银行Ⅲ(申万),SW,申万研究,三级行业指数,19991230,1000.0,
444,851921.SI,多元金融Ⅲ(申万),SW,申万研究,三级行业指数,19991230,1000.0,
445,851931.SI,证券Ⅲ(申万),SW,申万研究,三级行业指数,19991230,1000.0,
446,851941.SI,保险Ⅲ(申万),SW,申万研究,三级行业指数,19991230,1000.0,
447,852011.SI,百货零售(申万),SW,申万研究,三级行业指数,19991230,1000.0,
448,852012.SI,专业连锁(申万),SW,申万研究,三级行业指数,19991230,1000.0,
449,852013.SI,商业物业经营(申万),SW,申万研究,三级行业指数,19991230,1000.0,
450,852021.SI,贸易Ⅲ(申万),SW,申万研究,三级行业指数,19991230,1000.0,
451,852031.SI,百货(申万),SW,申万研究,三级行业指数,19991230,1000.0,20140221
452,852032.SI,超市(申万),SW,申万研究,三级行业指数,19991230,1000.0,20140221
453,852033.SI,多业态零售(申万),SW,申万研究,三级行业指数,19991230,1000.0,20140221
454,852041.SI,专业连锁(申万),SW,申万研究,三级行业指数,19991230,1000.0,20140221
455,852051.SI,一般物业经营(申万),SW,申万研究,三级行业指数,19991230,1000.0,20140221
456,852052.SI,专业市场(申万),SW,申万研究,三级行业指数,19991230,1000.0,20140221
457,852111.SI,人工景点(申万),SW,申万研究,三级行业指数,19991230,1000.0,
458,852112.SI,自然景点(申万),SW,申万研究,三级行业指数,19991230,1000.0,
459,852121.SI,酒店Ⅲ(申万),SW,申万研究,三级行业指数,19991230,1000.0,
460,852131.SI,旅游综合Ⅲ(申万),SW,申万研究,三级行业指数,19991230,1000.0,
461,852141.SI,餐饮Ⅲ(申万),SW,申万研究,三级行业指数,19991230,1000.0,
462,852151.SI,其他休闲服务Ⅲ(申万),SW,申万研究,三级行业指数,19991230,1000.0,20140221
463,852211.SI,通信运营Ⅲ(申万),SW,申万研究,三级行业指数,19991230,1000.0,
464,852221.SI,互联网信息服务(申万),SW,申万研究,三级行业指数,19991230,1000.0,
465,852222.SI,移动互联网服务(申万),SW,申万研究,三级行业指数,19991230,1000.0,
466,852223.SI,其他互联网服务(申万),SW,申万研究,三级行业指数,19991230,1000.0,
467,852224.SI,有线电视网络(申万),SW,申万研究,三级行业指数,19991230,1000.0,
468,852225.SI,软件开发(申万),SW,申万研究,三级行业指数,19991230,1000.0,20140221
469,852226.SI,IT服务(申万),SW,申万研究,三级行业指数,19991230,1000.0,20140221
470,852231.SI,计算机应用Ⅲ(申万),SW,申万研究,其他,19991230,1000.0,
471,852232.SI,软件开发及服务(申万),SW,申万研究,三级行业指数,20080602,1000.0,
472,852233.SI,系统集成(申万),SW,申万研究,三级行业指数,20080605,1000.0,
473,852241.SI,平面媒体(申万),SW,申万研究,三级行业指数,19991230,1000.0,
474,852242.SI,影视动漫(申万),SW,申万研究,三级行业指数,19991230,1000.0,
475,852243.SI,营销服务(申万),SW,申万研究,三级行业指数,19991230,1000.0,
476,852244.SI,其他文化传媒(申万),SW,申万研究,三级行业指数,19991230,1000.0,
477,852311.SI,综合Ⅲ(申万),SW,申万研究,三级行业指数,19991230,1000.0,
478,857221.SI,装修装饰Ⅲ(申万),SW,申万研究,三级行业指数,19991230,1000.0,20140221
479,857231.SI,城轨建设(申万),SW,申万研究,三级行业指数,19991230,1000.0,20140221
480,857232.SI,路桥施工(申万),SW,申万研究,三级行业指数,19991230,1000.0,20140221
481,857233.SI,水利工程(申万),SW,申万研究,三级行业指数,19991230,1000.0,20140221
482,857234.SI,铁路建设(申万),SW,申万研究,三级行业指数,19991230,1000.0,20140221
483,857235.SI,其他基础建设(申万),SW,申万研究,三级行业指数,19991230,1000.0,20140221
484,857241.SI,钢结构(申万),SW,申万研究,三级行业指数,19991230,1000.0,20140221
485,857242.SI,化学工程(申万),SW,申万研究,三级行业指数,19991230,1000.0,20140221
486,857243.SI,国际工程承包(申万),SW,申万研究,三级行业指数,19991230,1000.0,20140221
487,857244.SI,其他专业工程(申万),SW,申万研究,三级行业指数,19991230,1000.0,20140221
488,857251.SI,园林工程Ⅲ(申万),SW,申万研究,三级行业指数,19991230,1000.0,20140221
489,857321.SI,电网自动化(申万),SW,申万研究,三级行业指数,19991230,1000.0,20140221
490,857322.SI,工控自动化(申万),SW,申万研究,三级行业指数,19991230,1000.0,20140221
491,857323.SI,计量仪表(申万),SW,申万研究,三级行业指数,19991230,1000.0,20140221
492,857331.SI,综合电力设备商(申万),SW,申万研究,三级行业指数,19991230,1000.0,20140221
493,857332.SI,风电设备(申万),SW,申万研究,三级行业指数,19991230,1000.0,20140221
494,857333.SI,光伏设备(申万),SW,申万研究,三级行业指数,19991230,1000.0,20140221
495,857334.SI,火电设备(申万),SW,申万研究,三级行业指数,19991230,1000.0,20140221
496,857335.SI,储能设备(申万),SW,申万研究,三级行业指数,19991230,1000.0,20140221
497,857336.SI,其它电源设备(申万),SW,申万研究,三级行业指数,19991230,1000.0,20140221
498,857341.SI,高压设备(申万),SW,申万研究,三级行业指数,19991230,1000.0,20140221
499,857342.SI,中压设备(申万),SW,申万研究,三级行业指数,19991230,1000.0,20140221
500,857343.SI,低压设备(申万),SW,申万研究,三级行业指数,19991230,1000.0,20140221
501,857344.SI,线缆部件及其他(申万),SW,申万研究,三级行业指数,19991230,1000.0,20140221
502,857411.SI,航天装备Ⅲ(申万),SW,申万研究,三级行业指数,19991230,1000.0,20140221
503,857421.SI,航空装备Ⅲ(申万),SW,申万研究,三级行业指数,19991230,1000.0,20140221
504,857431.SI,地面兵装Ⅲ(申万),SW,申万研究,三级行业指数,19991230,1000.0,20140221
505,858811.SI,其他交运设备Ⅲ(申万),SW,申万研究,三级行业指数,19991230,1000.0,20140221
